LOS,Freq
0,17739
1,78172
2,73576
3,75197
4,81391
5,97829
6,85017
7,103113
8,102630
9,91865
10,94929
11,94296
12,91301
13,96975
14,113537
15,98725
16,84037
17,81523
18,80259
19,82522
20,129409
21,81036
22,67545
23,56439
24,52060
25,49277
26,46105
27,48822
28,55566
29,53535
30,46669
31,39023
32,34327
33,31336
34,32219
35,35308
36,31750
37,27048
38,25641
39,24328
40,23018
41,23671
42,26071
43,23974
44,20046
45,18644
46,17311
47,16249
48,17050
49,18200
50,16254
51,14252
52,13817
53,12963
54,12510
55,13235
56,14422
57,13122
58,11494
59,11071
60,10916
61,9748
62,9990
63,10814
64,9603
65,8608
66,8280
67,7961
68,7580
69,8140
70,8560
71,7856
72,7017
73,6776
74,6600
75,6376
76,6601
77,7033
78,6481
79,5773
80,5850
81,5757
82,5498
83,5703
84,5824
85,5507
86,5177
87,4956
88,4879
89,4676
90,4947
91,5066
92,4715
93,4154
94,4178
95,4082
96,4047
97,4300
98,4820
99,6095
100,11798
101,4085
102,3366
103,3235
104,3195
105,3396
106,3074
107,2825
108,2837
109,2811
110,2844
111,2837
112,2955
113,2872
114,2699
115,2641
116,2572
117,2600
118,2619
119,2680
120,2553
121,2431
122,2441
123,2327
124,2370
125,2425
126,2423
127,2333
128,2222
129,2263
130,2198
131,2076
132,2239
133,2367
134,2327
135,2108
136,2066
137,2080
138,2081
139,2109
140,2168
141,2085
142,1891
143,1966
144,1909
145,1889
146,1917
147,1990
148,1841
149,1844
150,1832
151,1786
152,1758
153,1802
154,1944
155,1804
156,1699
157,1640
158,1686
159,1678
160,1778
161,1816
162,1557
163,1589
164,1641
165,1637
166,1680
167,1688
168,1703
169,1606
170,1517
171,1537
172,1555
173,1546
174,1604
175,1661
176,1497
177,1459
178,1458
179,1472
180,1407
181,1527
182,1580
183,1504
184,1457
185,1369
186,1376
187,1390
188,1432
189,1434
190,1446
191,1291
192,1350
193,1435
194,1398
195,1376
196,1359
197,1379
198,1196
199,1315
200,1294
201,1292
202,1327
203,1282
204,1257
205,1288
206,1226
207,1209
208,1247
209,1306
210,1315
211,1208
212,1180
213,1178
214,1173
215,1143
216,1249
217,1246
218,1188
219,1116
220,1143
221,1149
222,1089
223,1207
224,1206
225,1142
226,1095
227,1085
228,1099
229,1057
230,1140
231,1118
232,1073
233,1071
234,1081
235,1096
236,1058
237,1085
238,1131
239,1109
240,1047
241,1088
242,1055
243,1013
244,1003
245,1135
246,992
247,1009
248,947
249,1030
250,956
251,999
252,1003
253,1021
254,925
255,944
256,999
257,944
258,955
259,1058
260,915
261,933
262,950
263,948
264,957
265,964
266,964
267,948
268,873
269,902
270,916
271,882
272,919
273,1001
274,954
275,884
276,888
277,848
278,891
279,886
280,868
281,908
282,830
283,877
284,846
285,865
286,838
287,850
288,838
289,808
290,853
291,832
292,828
293,836
294,886
295,794
296,787
297,777
298,859
299,868
300,794
301,841
302,806
303,826
304,789
305,864
306,722
307,840
308,870
309,730
310,782
311,782
312,683
313,768
314,765
315,823
316,741
317,725
318,764
319,685
320,756
321,738
322,775
323,783
324,675
325,731
326,756
327,701
328,764
329,773
330,731
331,747
332,722
333,679
334,666
335,723
336,721
337,723
338,660
339,675
340,684
341,659
342,755
343,727
344,669
345,643
346,649
347,614
348,674
349,728
350,720
351,669
352,632
353,617
354,651
355,628
356,637
357,722
358,661
359,656
360,662
361,644
362,664
363,674
364,711
365,679
366,663
367,582
368,605
369,622
370,672
371,697
372,637
373,596
374,579
375,612
376,618
377,669
378,671
379,600
380,608
381,621
382,605
383,583
384,641
385,654
386,640
387,604
388,594
389,618
390,578
391,594
392,601
393,638
394,564
395,552
396,599
397,568
398,593
399,568
400,552
401,562
402,554
403,556
404,591
405,580
406,611
407,560
408,554
409,585
410,514
411,548
412,574
413,544
414,554
415,571
416,527
417,567
418,514
419,510
420,587
421,515
422,511
423,579
424,515
425,511
426,539
427,543
428,533
429,535
430,472
431,487
432,515
433,486
434,536
435,516
436,498
437,494
438,497
439,539
440,520
441,519
442,491
443,497
444,488
445,480
446,500
447,511
448,537
449,479
450,484
451,491
452,438
453,506
454,469
455,479
456,468
457,455
458,479
459,459
460,512
461,488
462,467
463,486
464,446
465,475
466,427
467,467
468,499
469,490
470,463
471,460
472,448
473,435
474,470
475,461
476,482
477,468
478,431
479,458
480,485
481,482
482,433
483,483
484,465
485,441
486,424
487,455
488,477
489,450
490,456
491,456
492,450
493,408
494,384
495,408
496,449
497,451
498,426
499,455
500,439
501,399
502,398
503,459
504,399
505,409
506,420
507,406
508,381
509,415
510,462
511,420
512,425
513,434
514,421
515,392
516,453
517,382
518,444
519,414
520,361
521,415
522,412
523,381
524,376
525,455
526,416
527,372
528,412
529,415
530,380
531,389
532,394
533,383
534,372
535,379
536,350
537,347
538,407
539,385
540,375
541,380
542,372
543,338
544,345
545,350
546,387
547,414
548,381
549,370
550,356
551,371
552,396
553,353
554,378
555,361
556,374
557,318
558,385
559,375
560,397
561,363
562,354
563,403
564,362
565,346
566,374
567,367
568,324
569,365
570,352
571,339
572,362
573,341
574,354
575,379
576,332
577,362
578,357
579,344
580,389
581,372
582,353
583,348
584,339
585,314
586,339
587,358
588,357
589,329
590,343
591,314
592,317
593,320
594,321
595,322
596,368
597,300
598,318
599,322
600,343
601,365
602,346
603,327
604,310
605,377
606,348
607,284
608,340
609,329
610,323
611,353
612,320
613,281
614,323
615,310
616,333
617,312
618,321
619,305
620,319
621,293
622,301
623,357
624,312
625,311
626,319
627,293
628,311
629,280
630,308
631,320
632,296
633,326
634,311
635,288
636,296
637,295
638,334
639,292
640,298
641,314
642,311
643,292
644,307
645,346
646,296
647,289
648,309
649,324
650,289
651,324
652,298
653,292
654,293
655,268
656,300
657,281
658,313
659,289
660,300
661,314
662,282
663,270
664,304
665,319
666,286
667,303
668,256
669,281
670,283
671,312
672,290
673,286
674,277
675,284
676,253
677,295
678,259
679,268
680,254
681,265
682,280
683,262
684,271
685,281
686,290
687,275
688,282
689,238
690,254
691,246
692,278
693,296
694,254
695,237
696,236
697,274
698,270
699,238
700,275
701,253
702,233
703,263
704,257
705,262
706,269
707,264
708,275
709,244
710,287
711,248
712,260
713,265
714,274
715,224
716,236
717,246
718,236
719,235
720,242
721,277
722,233
723,264
724,253
725,218
726,223
727,254
728,245
729,237
730,266
731,245
732,232
733,252
734,234
735,244
736,215
737,222
738,248
739,222
740,266
741,254
742,271
743,218
744,242
745,234
746,232
747,254
748,204
749,248
750,245
751,235
752,235
753,228
754,216
755,274
756,245
757,242
758,211
759,236
760,229
761,249
762,246
763,245
764,241
765,211
766,229
767,226
768,208
769,214
770,225
771,238
772,207
773,197
774,192
775,235
776,221
777,233
778,203
779,219
780,212
781,223
782,204
783,225
784,207
785,211
786,210
787,221
788,222
789,221
790,221
791,229
792,210
793,214
794,210
795,212
796,189
797,190
798,203
799,222
800,198
801,202
802,211
803,171
804,191
805,240
806,210
807,206
808,189
809,199
810,211
811,205
812,218
813,195
814,220
815,195
816,214
817,193
818,214
819,212
820,197
821,208
822,205
823,173
824,187
825,181
826,200
827,156
828,211
829,197
830,213
831,185
832,214
833,215
834,167
835,186
836,182
837,173
838,182
839,170
840,191
841,196
842,196
843,176
844,207
845,205
846,213
847,178
848,204
849,183
850,202
851,154
852,178
853,188
854,218
855,207
856,187
857,179
858,178
859,183
860,163
861,201
862,202
863,194
864,181
865,192
866,186
867,180
868,189
869,161
870,188
871,199
872,164
873,181
874,193
875,209
876,184
877,192
878,169
879,170
880,167
881,183
882,209
883,195
884,175
885,178
886,192
887,184
888,175
889,190
890,193
891,180
892,170
893,153
894,190
895,183
896,154
897,156
898,195
899,186
900,154
901,142
902,165
903,152
904,188
905,187
906,154
907,147
908,166
909,163
910,161
911,180
912,156
913,160
914,168
915,189
916,171
917,160
918,202
919,170
920,184
921,172
922,183
923,145
924,162
925,183
926,165
927,159
928,167
929,136
930,182
931,159
932,174
933,175
934,183
935,155
936,170
937,177
938,174
939,174
940,159
941,152
942,155
943,163
944,151
945,168
946,166
947,154
948,178
949,151
950,144
951,167
952,148
953,168
954,178
955,178
956,122
957,159
958,163
959,173
960,145
961,146
962,143
963,177
964,186
965,163
966,185
967,171
968,182
969,138
970,155
971,154
972,148
973,167
974,167
975,139
976,141
977,140
978,156
979,165
980,164
981,139
982,167
983,144
984,182
985,147
986,141
987,161
988,162
989,137
990,155
991,158
992,137
993,152
994,154
995,149
996,143
997,132
998,162
999,178
1000,148
1001,168
1002,169
1003,146
1004,143
1005,151
1006,135
1007,119
1008,162
1009,137
1010,139
1011,149
1012,130
1013,131
1014,144
1015,150
1016,148
1017,131
1018,154
1019,150
1020,116
1021,130
1022,136
1023,120
1024,131
1025,170
1026,155
1027,153
1028,146
1029,130
1030,154
1031,149
1032,145
1033,148
1034,140
1035,124
1036,130
1037,147
1038,164
1039,139
1040,121
1041,103
1042,148
1043,130
1044,137
1045,131
1046,148
1047,138
1048,132
1049,140
1050,115
1051,117
1052,140
1053,151
1054,109
1055,140
1056,140
1057,123
1058,128
1059,144
1060,143
1061,142
1062,136
1063,129
1064,143
1065,118
1066,142
1067,144
1068,138
1069,128
1070,141
1071,120
1072,135
1073,114
1074,136
1075,118
1076,149
1077,154
1078,127
1079,141
1080,123
1081,118
1082,144
1083,143
1084,124
1085,158
1086,116
1087,130
1088,128
1089,131
1090,140
1091,121
1092,146
1093,121
1094,139
1095,147
1096,125
1097,127
1098,128
1099,149
1100,107
1101,132
1102,119
1103,138
1104,131
1105,134
1106,145
1107,114
1108,119
1109,117
1110,140
1111,118
1112,124
1113,113
1114,125
1115,128
1116,105
1117,134
1118,121
1119,138
1120,124
1121,126
1122,115
1123,135
1124,125
1125,110
1126,123
1127,108
1128,112
1129,127
1130,145
1131,120
1132,129
1133,128
1134,108
1135,121
1136,118
1137,114
1138,134
1139,116
1140,109
1141,130
1142,111
1143,110
1144,127
1145,139
1146,122
1147,120
1148,148
1149,110
1150,101
1151,115
1152,109
1153,117
1154,121
1155,117
1156,120
1157,117
1158,111
1159,107
1160,129
1161,107
1162,107
1163,106
1164,97
1165,107
1166,119
1167,117
1168,111
1169,107
1170,119
1171,119
1172,99
1173,106
1174,110
1175,117
1176,103
1177,104
1178,104
1179,94
1180,97
1181,120
1182,112
1183,120
1184,96
1185,131
1186,102
1187,106
1188,105
1189,119
1190,124
1191,95
1192,117
1193,110
1194,106
1195,103
1196,114
1197,106
1198,122
1199,109
1200,101
1201,99
1202,114
1203,134
1204,102
1205,89
1206,122
1207,109
1208,105
1209,112
1210,120
1211,122
1212,114
1213,99
1214,86
1215,104
1216,87
1217,101
1218,111
1219,118
1220,114
1221,94
1222,104
1223,95
1224,116
1225,117
1226,110
1227,97
1228,98
1229,82
1230,108
1231,106
1232,100
1233,107
1234,116
1235,97
1236,114
1237,98
1238,107
1239,96
1240,98
1241,98
1242,106
1243,94
1244,111
1245,89
1246,105
1247,91
1248,103
1249,92
1250,105
1251,93
1252,97
1253,101
1254,99
1255,92
1256,110
1257,111
1258,108
1259,108
1260,85
1261,82
1262,96
1263,96
1264,85
1265,105
1266,106
1267,92
1268,91
1269,96
1270,104
1271,98
1272,99
1273,79
1274,91
1275,98
1276,82
1277,103
1278,105
1279,110
1280,107
1281,97
1282,89
1283,94
1284,83
1285,103
1286,101
1287,92
1288,102
1289,110
1290,93
1291,96
1292,105
1293,83
1294,89
1295,91
1296,90
1297,73
1298,83
1299,92
1300,83
1301,103
1302,94
1303,96
1304,99
1305,93
1306,79
1307,99
1308,88
1309,101
1310,96
1311,99
1312,68
1313,96
1314,118
1315,85
1316,94
1317,107
1318,92
1319,76
1320,107
1321,85
1322,81
1323,109
1324,91
1325,92
1326,91
1327,78
1328,93
1329,107
1330,103
1331,81
1332,95
1333,83
1334,71
1335,77
1336,100
1337,94
1338,94
1339,93
1340,99
1341,93
1342,80
1343,103
1344,92
1345,96
1346,99
1347,73
1348,92
1349,68
1350,58
1351,109
1352,80
1353,83
1354,85
1355,84
1356,89
1357,83
1358,83
1359,78
1360,72
1361,100
1362,96
1363,86
1364,84
1365,94
1366,72
1367,86
1368,77
1369,92
1370,80
1371,73
1372,106
1373,78
1374,84
1375,72
1376,90
1377,75
1378,89
1379,80
1380,99
1381,81
1382,89
1383,92
1384,82
1385,98
1386,95
1387,73
1388,94
1389,73
1390,71
1391,81
1392,89
1393,83
1394,98
1395,78
1396,89
1397,77
1398,71
1399,67
1400,86
1401,71
1402,78
1403,67
1404,75
1405,78
1406,83
1407,68
1408,79
1409,81
1410,83
1411,77
1412,83
1413,78
1414,82
1415,71
1416,75
1417,66
1418,77
1419,85
1420,73
1421,84
1422,80
1423,73
1424,71
1425,67
1426,78
1427,81
1428,93
1429,75
1430,83
1431,77
1432,70
1433,69
1434,78
1435,84
1436,77
1437,90
1438,65
1439,66
1440,78
1441,90
1442,85
1443,80
1444,73
1445,72
1446,79
1447,66
1448,90
1449,72
1450,70
1451,59
1452,76
1453,79
1454,74
1455,68
1456,69
1457,70
1458,76
1459,75
1460,57
1461,60
1462,57
1463,71
1464,69
1465,69
1466,70
1467,66
1468,84
1469,67
1470,65
1471,58
1472,71
1473,70
1474,53
1475,72
1476,77
1477,65
1478,62
1479,60
1480,68
1481,64
1482,55
1483,70
1484,73
1485,82
1486,64
1487,72
1488,74
1489,68
1490,74
1491,69
1492,70
1493,72
1494,76
1495,56
1496,75
1497,69
1498,60
1499,52
1500,68
1501,55
1502,66
1503,72
1504,64
1505,73
1506,56
1507,73
1508,61
1509,68
1510,75
1511,65
1512,60
1513,89
1514,70
1515,61
1516,67
1517,50
1518,73
1519,81
1520,67
1521,52
1522,75
1523,59
1524,77
1525,61
1526,70
1527,60
1528,67
1529,65
1530,58
1531,63
1532,63
1533,55
1534,56
1535,66
1536,66
1537,57
1538,46
1539,71
1540,69
1541,58
1542,73
1543,67
1544,62
1545,65
1546,74
1547,64
1548,56
1549,65
1550,53
1551,58
1552,50
1553,57
1554,53
1555,59
1556,47
1557,60
1558,65
1559,55
1560,56
1561,69
1562,50
1563,53
1564,56
1565,44
1566,60
1567,63
1568,69
1569,64
1570,62
1571,58
1572,70
1573,57
1574,53
1575,55
1576,61
1577,53
1578,54
1579,52
1580,60
1581,59
1582,57
1583,60
1584,68
1585,58
1586,61
1587,59
1588,61
1589,66
1590,56
1591,43
1592,68
1593,71
1594,43
1595,61
1596,53
1597,48
1598,70
1599,63
1600,59
1601,61
1602,57
1603,75
1604,64
1605,63
1606,73
1607,74
1608,50
1609,50
1610,51
1611,58
1612,52
1613,51
1614,52
1615,59
1616,66
1617,57
1618,64
1619,54
1620,50
1621,42
1622,60
1623,45
1624,60
1625,60
1626,63
1627,58
1628,51
1629,42
1630,59
1631,80
1632,63
1633,59
1634,53
1635,63
1636,64
1637,63
1638,66
1639,42
1640,53
1641,55
1642,46
1643,57
1644,57
1645,50
1646,49
1647,48
1648,53
1649,59
1650,64
1651,53
1652,48
1653,60
1654,55
1655,41
1656,44
1657,59
1658,60
1659,73
1660,51
1661,57
1662,49
1663,52
1664,52
1665,54
1666,56
1667,56
1668,62
1669,41
1670,46
1671,52
1672,59
1673,40
1674,44
1675,53
1676,49
1677,55
1678,63
1679,44
1680,61
1681,53
1682,56
1683,39
1684,56
1685,59
1686,53
1687,52
1688,58
1689,60
1690,59
1691,71
1692,46
1693,54
1694,47
1695,47
1696,51
1697,58
1698,53
1699,44
1700,53
1701,41
1702,55
1703,38
1704,51
1705,57
1706,41
1707,49
1708,44
1709,51
1710,51
1711,40
1712,45
1713,50
1714,60
1715,44
1716,50
1717,47
1718,53
1719,61
1720,56
1721,43
1722,50
1723,51
1724,53
1725,45
1726,58
1727,44
1728,42
1729,59
1730,46
1731,33
1732,48
1733,52
1734,46
1735,56
1736,54
1737,41
1738,57
1739,38
1740,52
1741,47
1742,59
1743,41
1744,41
1745,46
1746,54
1747,32
1748,43
1749,47
1750,48
1751,44
1752,45
1753,41
1754,38
1755,42
1756,45
1757,42
1758,51
1759,40
1760,49
1761,49
1762,42
1763,47
1764,49
1765,46
1766,53
1767,59
1768,51
1769,45
1770,41
1771,45
1772,61
1773,39
1774,39
1775,51
1776,47
1777,39
1778,56
1779,45
1780,37
1781,40
1782,42
1783,45
1784,43
1785,39
1786,46
1787,43
1788,42
1789,46
1790,31
1791,51
1792,48
1793,37
1794,34
1795,40
1796,48
1797,36
1798,37
1799,41
1800,46
1801,39
1802,44
1803,49
1804,41
1805,34
1806,36
1807,34
1808,47
1809,51
1810,42
1811,40
1812,43
1813,44
1814,37
1815,45
1816,41
1817,48
1818,45
1819,46
1820,39
1821,37
1822,51
1823,50
1824,47
1825,47
1826,54
1827,30
1828,55
1829,59
1830,27
1831,39
1832,52
1833,55
1834,38
1835,36
1836,40
1837,48
1838,37
1839,42
1840,38
1841,49
1842,38
1843,29
1844,53
1845,42
1846,40
1847,32
1848,37
1849,35
1850,48
1851,42
1852,45
1853,28
1854,34
1855,34
1856,38
1857,36
1858,43
1859,38
1860,55
1861,47
1862,41
1863,54
1864,33
1865,35
1866,40
1867,41
1868,33
1869,42
1870,47
1871,36
1872,31
1873,36
1874,29
1875,41
1876,34
1877,32
1878,25
1879,49
1880,31
1881,34
1882,37
1883,47
1884,43
1885,50
1886,35
1887,39
1888,41
1889,38
1890,46
1891,38
1892,37
1893,31
1894,31
1895,37
1896,42
1897,51
1898,30
1899,45
1900,31
1901,30
1902,47
1903,41
1904,22
1905,40
1906,41
1907,39
1908,32
1909,39
1910,40
1911,32
1912,34
1913,47
1914,35
1915,41
1916,41
1917,35
1918,33
1919,32
1920,38
1921,32
1922,32
1923,30
1924,38
1925,41
1926,35
1927,34
1928,34
1929,34
1930,27
1931,27
1932,29
1933,36
1934,34
1935,35
1936,36
1937,41
1938,31
1939,29
1940,26
1941,24
1942,34
1943,40
1944,26
1945,34
1946,30
1947,26
1948,33
1949,42
1950,42
1951,38
1952,40
1953,31
1954,39
1955,26
1956,35
1957,36
1958,31
1959,37
1960,39
1961,38
1962,33
1963,38
1964,27
1965,39
1966,33
1967,35
1968,45
1969,30
1970,42
1971,27
1972,28
1973,36
1974,24
1975,26
1976,40
1977,40
1978,36
1979,33
1980,36
1981,30
1982,34
1983,48
1984,44
1985,34
1986,39
1987,38
1988,41
1989,42
1990,30
1991,32
1992,30
1993,28
1994,29
1995,27
1996,30
1997,30
1998,24
1999,33
2000,34
2001,33
2002,41
2003,26
2004,37
2005,42
2006,38
2007,36
2008,38
2009,28
2010,34
2011,32
2012,30
2013,33
2014,35
2015,34
2016,29
2017,32
2018,31
2019,30
2020,23
2021,28
2022,27
2023,32
2024,37
2025,30
2026,31
2027,36
2028,33
2029,23
2030,40
2031,28
2032,32
2033,37
2034,29
2035,24
2036,43
2037,35
2038,27
2039,36
2040,26
2041,28
2042,38
2043,32
2044,30
2045,30
2046,26
2047,39
2048,29
2049,33
2050,33
2051,24
2052,19
2053,30
2054,29
2055,31
2056,33
2057,30
2058,25
2059,29
2060,26
2061,22
2062,24
2063,23
2064,32
2065,17
2066,30
2067,28
2068,25
2069,36
2070,29
2071,25
2072,36
2073,34
2074,28
2075,25
2076,26
2077,32
2078,25
2079,20
2080,30
2081,27
2082,29
2083,34
2084,27
2085,32
2086,28
2087,29
2088,33
2089,26
2090,25
2091,19
2092,24
2093,28
2094,33
2095,34
2096,27
2097,25
2098,22
2099,33
2100,31
2101,30
2102,25
2103,19
2104,26
2105,22
2106,22
2107,29
2108,35
2109,27
2110,27
2111,28
2112,25
2113,23
2114,23
2115,26
2116,20
2117,33
2118,19
2119,29
2120,25
2121,31
2122,19
2123,25
2124,23
2125,25
2126,29
2127,25
2128,29
2129,23
2130,28
2131,21
2132,35
2133,35
2134,30
2135,30
2136,24
2137,26
2138,21
2139,32
2140,25
2141,19
2142,25
2143,24
2144,40
2145,26
2146,24
2147,29
2148,27
2149,22
2150,29
2151,24
2152,20
2153,20
2154,18
2155,30
2156,19
2157,18
2158,29
2159,28
2160,28
2161,22
2162,28
2163,25
2164,29
2165,23
2166,24
2167,30
2168,23
2169,25
2170,25
2171,29
2172,34
2173,18
2174,34
2175,18
2176,20
2177,29
2178,27
2179,28
2180,28
2181,28
2182,32
2183,22
2184,35
2185,29
2186,22
2187,27
2188,20
2189,20
2190,21
2191,23
2192,26
2193,26
2194,29
2195,21
2196,31
2197,28
2198,25
2199,19
2200,22
2201,31
2202,29
2203,21
2204,25
2205,25
2206,29
2207,21
2208,22
2209,17
2210,28
2211,23
2212,27
2213,23
2214,20
2215,23
2216,22
2217,33
2218,22
2219,27
2220,20
2221,28
2222,17
2223,18
2224,31
2225,23
2226,21
2227,21
2228,23
2229,19
2230,21
2231,17
2232,21
2233,16
2234,34
2235,28
2236,28
2237,17
2238,23
2239,19
2240,23
2241,18
2242,21
2243,23
2244,28
2245,19
2246,29
2247,20
2248,14
2249,23
2250,21
2251,23
2252,21
2253,22
2254,21
2255,19
2256,17
2257,27
2258,34
2259,19
2260,23
2261,24
2262,20
2263,28
2264,26
2265,20
2266,16
2267,16
2268,20
2269,24
2270,16
2271,23
2272,18
2273,29
2274,25
2275,20
2276,20
2277,25
2278,18
2279,21
2280,20
2281,27
2282,26
2283,18
2284,21
2285,22
2286,21
2287,14
2288,21
2289,21
2290,21
2291,21
2292,18
2293,19
2294,21
2295,26
2296,22
2297,16
2298,17
2299,23
2300,15
2301,18
2302,16
2303,28
2304,25
2305,23
2306,20
2307,18
2308,17
2309,21
2310,34
2311,21
2312,19
2313,18
2314,25
2315,22
2316,20
2317,26
2318,18
2319,16
2320,20
2321,25
2322,14
2323,15
2324,16
2325,13
2326,12
2327,25
2328,28
2329,20
2330,20
2331,17
2332,19
2333,10
2334,17
2335,25
2336,12
2337,17
2338,17
2339,19
2340,23
2341,24
2342,26
2343,18
2344,23
2345,20
2346,15
2347,21
2348,28
2349,25
2350,21
2351,11
2352,15
2353,25
2354,14
2355,22
2356,21
2357,17
2358,20
2359,13
2360,17
2361,14
2362,25
2363,15
2364,21
2365,19
2366,24
2367,11
2368,12
2369,17
2370,20
2371,22
2372,21
2373,23
2374,18
2375,21
2376,16
2377,7
2378,19
2379,24
2380,21
2381,22
2382,20
2383,15
2384,23
2385,19
2386,12
2387,18
2388,22
2389,20
2390,13
2391,22
2392,23
2393,14
2394,32
2395,13
2396,27
2397,22
2398,28
2399,10
2400,12
2401,18
2402,18
2403,22
2404,22
2405,16
2406,18
2407,25
2408,27
2409,17
2410,13
2411,15
2412,21
2413,21
2414,25
2415,23
2416,20
2417,27
2418,19
2419,18
2420,18
2421,20
2422,14
2423,18
2424,15
2425,28
2426,19
2427,17
2428,21
2429,21
2430,17
2431,9
2432,20
2433,16
2434,21
2435,19
2436,20
2437,13
2438,28
2439,16
2440,17
2441,17
2442,25
2443,20
2444,27
2445,21
2446,21
2447,13
2448,22
2449,20
2450,18
2451,13
2452,20
2453,22
2454,21
2455,18
2456,12
2457,14
2458,21
2459,10
2460,15
2461,21
2462,16
2463,23
2464,12
2465,25
2466,16
2467,15
2468,20
2469,24
2470,25
2471,22
2472,18
2473,14
2474,17
2475,17
2476,11
2477,15
2478,18
2479,16
2480,22
2481,19
2482,16
2483,19
2484,18
2485,10
2486,17
2487,15
2488,21
2489,13
2490,16
2491,24
2492,16
2493,18
2494,9
2495,10
2496,20
2497,14
2498,13
2499,11
2500,18
2501,19
2502,17
2503,11
2504,12
2505,16
2506,13
2507,17
2508,22
2509,18
2510,20
2511,17
2512,14
2513,18
2514,11
2515,20
2516,16
2517,20
2518,14
2519,17
2520,14
2521,14
2522,21
2523,16
2524,23
2525,16
2526,12
2527,9
2528,21
2529,17
2530,17
2531,20
2532,17
2533,13
2534,24
2535,10
2536,24
2537,11
2538,18
2539,10
2540,13
2541,22
2542,18
2543,17
2544,10
2545,15
2546,14
2547,11
2548,25
2549,20
2550,13
2551,15
2552,14
2553,16
2554,15
2555,13
2556,20
2557,10
2558,27
2559,13
2560,19
2561,18
2562,8
2563,19
2564,18
2565,16
2566,12
2567,19
2568,10
2569,10
2570,10
2571,14
2572,9
2573,20
2574,15
2575,8
2576,16
2577,21
2578,18
2579,17
2580,14
2581,12
2582,12
2583,10
2584,11
2585,13
2586,12
2587,12
2588,21
2589,14
2590,14
2591,11
2592,15
2593,20
2594,9
2595,20
2596,13
2597,13
2598,11
2599,12
2600,19
2601,11
2602,19
2603,14
2604,8
2605,15
2606,13
2607,17
2608,14
2609,20
2610,7
2611,23
2612,16
2613,13
2614,18
2615,13
2616,7
2617,13
2618,17
2619,8
2620,16
2621,17
2622,14
2623,13
2624,13
2625,19
2626,16
2627,11
2628,14
2629,16
2630,8
2631,17
2632,23
2633,15
2634,8
2635,14
2636,13
2637,16
2638,11
2639,11
2640,14
2641,14
2642,14
2643,5
2644,18
2645,14
2646,13
2647,13
2648,14
2649,8
2650,18
2651,14
2652,11
2653,16
2654,15
2655,13
2656,17
2657,17
2658,18
2659,11
2660,17
2661,12
2662,13
2663,15
2664,18
2665,16
2666,21
2667,11
2668,13
2669,7
2670,14
2671,12
2672,9
2673,10
2674,15
2675,12
2676,18
2677,19
2678,15
2679,7
2680,22
2681,14
2682,6
2683,7
2684,20
2685,8
2686,14
2687,8
2688,9
2689,7
2690,9
2691,10
2692,10
2693,14
2694,12
2695,12
2696,11
2697,24
2698,17
2699,13
2700,16
2701,15
2702,14
2703,10
2704,12
2705,11
2706,9
2707,9
2708,13
2709,14
2710,16
2711,16
2712,11
2713,19
2714,14
2715,12
2716,19
2717,12
2718,16
2719,18
2720,19
2721,14
2722,13
2723,14
2724,18
2725,12
2726,16
2727,14
2728,12
2729,11
2730,16
2731,15
2732,13
2733,11
2734,14
2735,15
2736,11
2737,14
2738,9
2739,12
2740,17
2741,9
2742,13
2743,7
2744,12
2745,15
2746,12
2747,12
2748,8
2749,13
2750,9
2751,17
2752,11
2753,9
2754,12
2755,10
2756,8
2757,9
2758,9
2759,6
2760,10
2761,15
2762,13
2763,8
2764,13
2765,6
2766,13
2767,11
2768,15
2769,5
2770,12
2771,8
2772,12
2773,13
2774,13
2775,13
2776,11
2777,8
2778,17
2779,8
2780,16
2781,11
2782,9
2783,14
2784,12
2785,8
2786,20
2787,10
2788,7
2789,14
2790,9
2791,14
2792,11
2793,15
2794,13
2795,14
2796,12
2797,9
2798,12
2799,11
2800,8
2801,17
2802,7
2803,12
2804,9
2805,14
2806,12
2807,9
2808,8
2809,13
2810,15
2811,11
2812,6
2813,15
2814,11
2815,12
2816,9
2817,12
2818,8
2819,14
2820,11
2821,14
2822,17
2823,13
2824,9
2825,7
2826,15
2827,12
2828,13
2829,15
2830,10
2831,6
2832,6
2833,11
2834,11
2835,10
2836,11
2837,11
2838,16
2839,9
2840,17
2841,12
2842,7
2843,15
2844,12
2845,18
2846,10
2847,7
2848,12
2849,11
2850,7
2851,15
2852,15
2853,7
2854,12
2855,11
2856,14
2857,10
2858,12
2859,12
2860,15
2861,11
2862,13
2863,12
2864,9
2865,3
2866,12
2867,14
2868,20
2869,8
2870,10
2871,7
2872,7
2873,7
2874,15
2875,5
2876,10
2877,8
2878,11
2879,15
2880,12
2881,17
2882,8
2883,7
2884,16
2885,9
2886,9
2887,7
2888,14
2889,5
2890,11
2891,10
2892,17
2893,9
2894,8
2895,11
2896,11
2897,11
2898,9
2899,11
2900,7
2901,12
2902,6
2903,7
2904,7
2905,13
2906,11
2907,13
2908,16
2909,10
2910,13
2911,11
2912,13
2913,13
2914,16
2915,11
2916,12
2917,11
2918,11
2919,13
2920,13
2921,9
2922,11
2923,5
2924,12
2925,11
2926,13
2927,5
2928,15
2929,9
2930,13
2931,11
2932,6
2933,9
2934,8
2935,14
2936,16
2937,12
2938,11
2939,9
2940,17
2941,7
2942,5
2943,18
2944,12
2945,10
2946,11
2947,12
2948,12
2949,13
2950,10
2951,14
2952,11
2953,12
2954,9
2955,4
2956,9
2957,5
2958,6
2959,11
2960,11
2961,7
2962,7
2963,10
2964,12
2965,3
2966,12
2967,11
2968,14
2969,6
2970,17
2971,7
2972,7
2973,9
2974,8
2975,8
2976,8
2977,7
2978,7
2979,6
2980,10
2981,11
2982,11
2983,9
2984,8
2985,9
2986,12
2987,9
2988,11
2989,11
2990,10
2991,12
2992,11
2993,19
2994,7
2995,11
2996,11
2997,7
2998,10
2999,11
3000,5
3001,8
3002,7
3003,9
3004,12
3005,7
3006,6
3007,14
3008,8
3009,10
3010,7
3011,8
3012,9
3013,7
3014,8
3015,6
3016,13
3017,12
3018,12
3019,7
3020,3
3021,9
3022,5
3023,3
3024,13
3025,12
3026,4
3027,11
3028,10
3029,10
3030,11
3031,5
3032,6
3033,11
3034,4
3035,7
3036,10
3037,10
3038,8
3039,5
3040,10
3041,12
3042,7
3043,8
3044,7
3045,9
3046,14
3047,2
3048,6
3049,11
3050,10
3051,8
3052,8
3053,11
3054,8
3055,13
3056,6
3057,12
3058,9
3059,9
3060,10
3061,8
3062,10
3063,10
3064,8
3065,10
3066,9
3067,5
3068,6
3069,6
3070,5
3071,5
3072,7
3073,9
3074,9
3075,6
3076,11
3077,9
3078,5
3079,8
3080,7
3081,9
3082,10
3083,16
3084,10
3085,6
3086,9
3087,15
3088,14
3089,4
3090,9
3091,4
3092,9
3093,5
3094,11
3095,9
3096,6
3097,7
3098,8
3099,7
3100,10
3101,9
3102,6
3103,10
3104,11
3105,10
3106,12
3107,8
3108,10
3109,9
3110,7
3111,7
3112,6
3113,8
3114,9
3115,9
3116,14
3117,12
3118,8
3119,5
3120,5
3121,9
3122,13
3123,7
3124,11
3125,6
3126,8
3127,8
3128,7
3129,5
3130,6
3131,5
3132,11
3133,7
3134,8
3135,10
3136,11
3137,10
3138,2
3139,9
3140,7
3141,7
3142,10
3143,9
3144,13
3145,4
3146,4
3147,10
3148,4
3149,7
3150,6
3151,5
3152,9
3153,5
3154,9
3155,4
3156,6
3157,5
3158,4
3159,10
3160,11
3161,9
3162,7
3163,7
3164,10
3165,11
3166,9
3167,8
3168,5
3169,10
3170,10
3171,13
3172,11
3173,9
3174,7
3175,5
3176,12
3177,4
3178,7
3179,5
3180,11
3181,9
3182,8
3183,4
3185,5
3186,3
3187,5
3188,12
3189,9
3190,7
3191,4
3192,10
3193,9
3194,6
3195,8
3196,9
3197,5
3198,15
3199,15
3200,6
3201,7
3202,10
3203,7
3204,5
3205,9
3206,4
3207,10
3208,3
3209,7
3210,8
3211,5
3212,7
3213,9
3214,6
3215,9
3216,5
3217,13
3218,5
3219,5
3220,6
3221,8
3222,11
3223,3
3224,10
3225,9
3226,7
3227,6
3228,9
3229,4
3230,8
3231,9
3232,7
3233,6
3234,5
3235,9
3236,10
3237,9
3238,6
3239,14
3240,7
3241,5
3242,8
3243,3
3244,9
3245,4
3246,14
3247,9
3248,7
3249,6
3250,8
3251,8
3252,2
3253,7
3254,5
3255,13
3256,9
3257,8
3258,6
3259,7
3260,9
3261,6
3262,6
3263,7
3264,10
3265,7
3266,8
3267,9
3268,8
3269,7
3270,6
3271,8
3272,8
3273,11
3274,9
3275,9
3276,10
3277,11
3278,5
3279,4
3280,7
3281,10
3282,7
3283,13
3284,7
3285,6
3286,5
3287,5
3288,8
3289,2
3290,5
3291,3
3292,8
3293,5
3294,4
3295,12
3296,8
3297,5
3298,8
3299,5
3300,10
3301,9
3302,4
3303,4
3304,9
3305,8
3306,5
3307,8
3308,4
3309,6
3310,4
3311,6
3312,8
3313,9
3314,6
3315,9
3316,4
3317,10
3318,5
3319,6
3320,10
3321,4
3322,9
3323,3
3324,8
3325,8
3326,7
3327,4
3328,3
3329,5
3330,10
3331,3
3332,7
3333,5
3334,5
3335,9
3336,3
3337,7
3338,2
3339,9
3340,4
3341,5
3342,8
3343,7
3344,8
3345,6
3346,8
3347,7
3348,3
3349,8
3350,4
3351,7
3352,11
3353,4
3354,5
3355,9
3356,4
3357,5
3358,4
3359,6
3360,9
3361,6
3362,7
3363,4
3364,6
3365,5
3366,3
3367,9
3368,6
3369,8
3370,4
3371,5
3372,13
3373,8
3374,7
3375,7
3376,1
3377,9
3378,10
3379,7
3380,4
3381,4
3382,4
3383,5
3384,4
3385,3
3386,3
3387,10
3388,10
3389,6
3390,4
3391,4
3392,8
3393,8
3394,2
3395,5
3396,5
3397,6
3398,6
3399,1
3400,7
3401,5
3402,10
3403,5
3404,6
3405,13
3406,10
3407,11
3408,9
3409,3
3410,4
3411,2
3412,6
3413,7
3414,2
3415,7
3416,6
3417,2
3418,8
3419,9
3420,5
3421,4
3422,2
3423,10
3424,8
3425,5
3426,9
3427,10
3428,4
3429,8
3430,5
3431,7
3432,9
3433,5
3434,8
3435,8
3436,12
3437,6
3438,5
3439,9
3440,4
3441,8
3442,4
3443,3
3444,3
3445,3
3446,6
3447,7
3448,4
3449,4
3450,12
3451,5
3452,9
3453,4
3454,2
3455,8
3456,7
3457,4
3458,6
3459,5
3460,6
3461,4
3462,4
3463,8
3464,4
3465,7
3466,6
3467,9
3468,5
3469,4
3470,5
3471,7
3472,3
3473,6
3474,4
3475,4
3476,7
3477,5
3478,10
3479,5
3480,4
3481,4
3482,4
3483,3
3484,4
3485,4
3486,5
3487,5
3488,5
3489,5
3490,2
3491,3
3492,7
3493,3
3494,8
3495,7
3496,8
3497,9
3498,4
3499,10
3500,4
3501,5
3502,2
3503,4
3504,5
3505,6
3506,8
3507,7
3508,2
3509,7
3510,5
3511,5
3512,5
3513,2
3514,6
3515,3
3516,9
3517,1
3518,3
3519,5
3520,7
3521,4
3522,5
3524,5
3525,4
3526,7
3527,5
3528,7
3529,2
3530,5
3531,3
3532,5
3533,3
3534,3
3535,7
3536,5
3537,3
3538,7
3539,3
3540,5
3541,2
3542,8
3543,3
3544,6
3545,4
3546,3
3547,3
3548,7
3549,3
3550,8
3551,7
3552,4
3553,4
3554,2
3555,7
3556,4
3557,4
3558,8
3559,4
3560,4
3561,4
3562,5
3563,7
3564,2
3565,6
3566,5
3567,6
3568,4
3569,3
3570,2
3571,5
3572,6
3573,4
3574,9
3575,6
3576,5
3577,7
3578,5
3579,2
3580,5
3581,3
3582,5
3583,4
3584,3
3585,2
3586,1
3587,1
3588,5
3589,5
3590,4
3591,2
3592,6
3593,5
3594,6
3595,4
3596,5
3597,5
3598,8
3599,3
3600,5
3601,4
3602,5
3603,4
3604,10
3605,4
3607,2
3608,6
3609,4
3610,4
3611,5
3612,3
3613,5
3614,3
3615,7
3616,5
3617,4
3618,4
3619,8
3620,1
3621,5
3622,4
3623,2
3624,5
3625,3
3626,4
3627,3
3628,3
3629,8
3630,3
3631,6
3632,4
3633,5
3634,4
3635,6
3636,8
3637,5
3638,3
3639,7
3640,5
3641,5
3642,5
3643,5
3644,7
3645,5
3646,1
3647,6
3648,5
3649,4
3650,5
3651,2
3652,4
3653,4
3654,6
3655,7
3656,5
3657,9
3658,2
3659,1
3660,1
3661,5
3662,5
3663,3
3664,5
3665,7
3666,4
3667,3
3668,5
3669,9
3670,7
3671,1
3672,4
3673,3
3674,5
3675,5
3676,3
3677,4
3678,1
3679,5
3680,4
3681,2
3682,5
3683,3
3684,4
3685,4
3686,1
3687,8
3688,3
3689,4
3690,4
3691,5
3692,2
3693,6
3694,3
3695,3
3696,2
3697,6
3698,2
3699,3
3700,4
3701,3
3702,4
3703,5
3705,3
3706,3
3707,4
3708,2
3709,1
3710,3
3711,8
3712,3
3713,3
3714,4
3715,7
3716,10
3717,9
3718,4
3719,4
3720,4
3721,3
3722,6
3723,2
3724,9
3725,4
3726,2
3727,4
3728,6
3729,3
3730,4
3731,5
3732,2
3733,6
3734,4
3735,3
3736,4
3737,5
3738,6
3739,4
3741,3
3742,1
3743,5
3744,4
3745,6
3746,6
3747,6
3748,4
3749,7
3750,2
3751,2
3752,1
3753,4
3754,4
3755,3
3756,4
3757,6
3758,3
3759,3
3760,4
3761,6
3762,1
3763,3
3764,4
3765,10
3766,5
3767,2
3768,5
3769,2
3770,1
3771,3
3772,6
3773,7
3774,5
3775,1
3776,4
3777,5
3778,7
3779,2
3780,3
3781,1
3782,2
3783,1
3784,6
3785,3
3786,5
3787,2
3788,6
3789,1
3790,2
3791,2
3792,6
3793,4
3794,2
3795,3
3796,1
3797,6
3798,4
3799,5
3800,7
3801,2
3802,4
3803,3
3804,2
3805,4
3806,6
3807,5
3808,6
3809,2
3810,4
3811,5
3812,8
3813,1
3814,2
3815,2
3817,2
3818,6
3819,6
3820,7
3821,5
3822,3
3823,5
3824,1
3825,4
3826,1
3827,5
3828,4
3829,4
3830,4
3831,4
3832,2
3833,3
3834,3
3835,2
3836,4
3837,1
3838,3
3839,2
3840,3
3841,3
3842,3
3843,7
3844,5
3845,3
3846,7
3847,1
3848,5
3849,3
3850,2
3851,2
3852,5
3853,3
3854,2
3855,2
3856,1
3857,3
3858,7
3859,3
3860,4
3861,1
3862,3
3863,2
3864,6
3865,2
3866,7
3867,4
3868,4
3869,6
3870,2
3871,2
3872,3
3873,7
3874,1
3875,3
3876,2
3877,5
3878,5
3879,1
3880,4
3881,2
3882,2
3883,6
3884,2
3885,5
3886,5
3888,5
3889,3
3890,2
3891,2
3892,3
3893,2
3894,4
3895,2
3896,3
3897,2
3898,10
3900,5
3901,7
3902,2
3903,6
3904,7
3905,4
3906,4
3907,4
3908,8
3909,3
3910,3
3911,5
3912,3
3913,4
3914,1
3915,4
3916,3
3917,3
3918,4
3919,3
3920,3
3921,3
3923,2
3924,3
3925,4
3926,4
3927,6
3928,2
3929,3
3930,1
3931,3
3932,2
3933,4
3934,3
3936,3
3938,5
3939,1
3940,3
3941,3
3943,1
3944,5
3945,2
3946,5
3947,3
3948,2
3949,6
3950,2
3951,4
3952,6
3954,6
3955,5
3956,5
3957,5
3958,8
3959,3
3961,3
3962,4
3963,6
3964,6
3965,1
3966,7
3967,5
3968,3
3969,4
3970,2
3971,2
3972,3
3973,2
3974,3
3975,5
3976,2
3977,3
3978,9
3979,4
3980,3
3981,1
3982,3
3984,5
3985,2
3986,3
3987,1
3988,8
3989,4
3990,2
3991,5
3992,2
3993,6
3994,2
3995,6
3996,5
3997,3
3998,6
3999,2
4000,4
4001,3
4002,4
4003,5
4004,4
4005,6
4006,4
4007,2
4008,2
4009,3
4010,9
4011,3
4012,4
4013,8
4014,7
4015,1
4016,2
4017,6
4018,4
4019,1
4020,2
4021,4
4022,6
4024,3
4025,3
4026,1
4027,5
4028,1
4029,3
4030,5
4031,3
4032,6
4033,9
4035,3
4036,4
4037,2
4038,5
4040,3
4041,3
4043,2
4044,4
4045,5
4046,4
4047,2
4048,5
4049,3
4050,3
4051,4
4052,3
4053,8
4054,3
4055,4
4056,4
4057,4
4058,6
4059,2
4060,6
4061,4
4062,4
4063,1
4064,2
4065,4
4066,4
4067,2
4068,5
4069,2
4070,7
4071,1
4072,1
4073,1
4074,1
4075,4
4076,2
4077,2
4078,3
4079,1
4080,5
4081,5
4082,3
4083,4
4084,1
4086,2
4088,3
4089,4
4090,5
4091,3
4092,3
4093,3
4094,3
4095,1
4096,5
4097,2
4098,2
4099,3
4100,2
4101,3
4102,7
4103,2
4104,4
4105,6
4106,1
4107,3
4108,2
4109,1
4110,3
4111,4
4112,4
4113,3
4114,4
4116,2
4117,1
4119,2
4120,2
4121,4
4124,2
4125,2
4126,3
4127,3
4128,3
4129,1
4130,4
4131,3
4132,1
4133,1
4134,2
4135,2
4136,2
4138,1
4139,3
4140,5
4141,2
4142,1
4143,2
4144,2
4146,1
4147,2
4148,4
4149,1
4150,5
4151,1
4152,3
4153,2
4154,2
4155,4
4156,2
4157,4
4159,4
4160,2
4161,3
4162,4
4163,3
4164,2
4165,1
4166,4
4168,2
4169,1
4170,3
4171,5
4172,4
4173,3
4174,2
4175,4
4176,2
4177,1
4178,1
4179,3
4180,4
4181,1
4182,2
4183,6
4184,1
4185,4
4186,4
4187,1
4188,2
4189,5
4190,1
4191,3
4192,1
4193,1
4194,2
4195,4
4196,3
4197,2
4198,1
4199,1
4200,2
4202,3
4203,2
4204,4
4205,4
4206,4
4207,4
4208,6
4209,1
4210,1
4211,1
4212,3
4213,3
4214,2
4215,2
4216,4
4217,3
4218,1
4219,1
4220,1
4222,2
4223,4
4225,3
4226,3
4227,3
4228,3
4229,2
4230,3
4231,2
4232,1
4233,1
4234,2
4235,3
4237,1
4238,5
4239,2
4240,3
4243,1
4244,1
4246,2
4247,6
4248,4
4249,1
4250,4
4251,2
4252,5
4253,2
4254,1
4255,4
4256,3
4257,4
4259,3
4260,1
4262,2
4263,3
4264,3
4265,1
4266,2
4267,4
4268,3
4269,5
4270,2
4271,1
4272,1
4273,3
4274,2
4275,3
4276,3
4277,3
4278,1
4279,2
4280,3
4281,1
4282,1
4283,2
4284,1
4285,3
4286,6
4287,2
4288,4
4289,3
4290,1
4291,2
4292,5
4293,2
4294,2
4295,8
4296,1
4297,3
4298,2
4299,2
4301,4
4302,3
4303,3
4304,1
4305,1
4306,2
4307,3
4308,3
4310,3
4311,4
4312,1
4313,1
4314,3
4315,4
4316,2
4317,1
4318,1
4319,1
4320,5
4321,4
4322,3
4323,5
4324,5
4325,2
4326,2
4327,1
4330,2
4331,3
4332,2
4333,2
4334,2
4337,1
4338,2
4340,1
4341,3
4342,1
4343,3
4344,1
4345,2
4346,4
4347,5
4348,4
4349,3
4350,2
4351,4
4352,2
4353,3
4355,1
4356,1
4358,5
4359,1
4360,1
4361,2
4363,4
4364,1
4365,1
4367,2
4368,3
4369,6
4371,1
4372,4
4373,3
4374,1
4375,3
4376,1
4378,3
4379,4
4380,3
4381,3
4382,2
4383,2
4384,2
4385,2
4388,2
4389,3
4390,5
4391,1
4392,2
4393,4
4394,4
4395,1
4396,3
4397,2
4398,1
4399,2
4400,2
4401,3
4402,3
4403,1
4404,1
4405,2
4406,2
4407,2
4408,4
4410,5
4411,2
4412,5
4413,2
4414,2
4416,2
4419,2
4420,1
4421,2
4422,1
4423,1
4424,4
4425,2
4426,5
4427,3
4428,2
4429,1
4430,3
4431,1
4432,1
4433,1
4434,3
4437,4
4438,5
4441,2
4442,5
4443,2
4444,1
4445,3
4446,5
4447,2
4448,3
4449,4
4450,4
4451,1
4452,2
4453,1
4454,4
4455,1
4456,3
4458,3
4460,1
4461,2
4462,2
4463,3
4464,2
4465,1
4466,3
4467,1
4468,2
4469,1
4470,4
4471,1
4473,3
4474,2
4475,2
4476,1
4477,1
4478,1
4479,2
4481,3
4482,2
4483,1
4486,1
4487,2
4488,2
4490,2
4491,1
4492,2
4493,3
4494,3
4496,3
4497,2
4498,3
4500,3
4501,3
4503,2
4504,2
4505,1
4506,3
4507,3
4508,1
4509,4
4510,1
4511,1
4512,2
4513,3
4514,2
4515,2
4517,5
4518,1
4519,4
4520,3
4521,2
4523,1
4524,3
4525,1
4526,2
4527,3
4528,1
4529,3
4530,3
4531,1
4532,1
4533,2
4534,4
4535,1
4536,1
4538,1
4539,1
4540,1
4541,1
4542,1
4543,2
4544,2
4545,1
4546,3
4547,2
4548,2
4549,3
4550,1
4552,1
4553,3
4554,5
4555,2
4556,1
4557,4
4558,1
4559,1
4560,6
4561,1
4563,2
4564,2
4565,2
4567,1
4568,1
4569,4
4571,3
4572,2
4573,1
4575,1
4576,2
4577,2
4578,2
4580,3
4581,2
4582,2
4584,2
4587,1
4588,1
4589,2
4590,2
4591,1
4592,4
4593,1
4595,1
4596,2
4597,1
4599,2
4600,3
4602,1
4604,1
4606,2
4608,1
4609,4
4610,1
4611,4
4612,3
4613,1
4614,1
4615,2
4618,1
4619,7
4620,2
4621,2
4622,1
4623,3
4624,1
4625,2
4627,2
4628,5
4629,1
4630,2
4631,1
4633,2
4634,3
4636,1
4637,2
4639,1
4641,1
4642,2
4644,2
4645,3
4646,3
4647,2
4648,1
4649,3
4650,1
4651,3
4652,2
4654,1
4655,1
4657,3
4658,1
4660,4
4661,1
4662,1
4663,5
4665,1
4666,1
4667,2
4668,1
4669,2
4671,1
4672,3
4673,1
4674,1
4677,2
4678,2
4679,2
4680,1
4682,1
4683,2
4684,3
4685,1
4686,2
4687,1
4688,1
4690,2
4691,4
4692,1
4694,1
4695,2
4696,3
4698,2
4699,1
4700,1
4701,1
4702,1
4703,2
4704,1
4705,1
4706,2
4707,1
4709,1
4710,6
4711,5
4712,4
4713,3
4714,2
4716,2
4717,2
4719,2
4720,4
4721,2
4722,4
4723,1
4724,3
4726,1
4727,2
4728,4
4730,2
4731,3
4732,2
4733,2
4734,1
4735,2
4736,1
4737,1
4739,3
4741,1
4742,1
4743,3
4744,1
4745,1
4746,4
4748,1
4749,3
4750,3
4751,4
4752,2
4755,2
4756,1
4757,2
4758,1
4759,3
4760,1
4761,3
4762,3
4763,2
4764,1
4765,3
4766,1
4767,1
4768,3
4769,2
4773,2
4774,1
4775,2
4776,3
4777,2
4779,2
4781,3
4782,1
4783,2
4784,1
4786,1
4787,1
4788,3
4789,2
4791,1
4794,1
4795,4
4797,1
4799,1
4800,2
4801,2
4802,1
4805,2
4807,1
4808,2
4809,2
4811,4
4812,4
4813,2
4814,2
4816,2
4817,3
4818,1
4819,1
4820,3
4821,3
4822,1
4823,2
4824,1
4825,1
4826,1
4827,3
4829,2
4830,1
4835,1
4836,1
4838,2
4840,1
4841,2
4842,4
4843,2
4845,2
4847,1
4848,1
4850,2
4851,2
4852,1
4853,1
4854,3
4856,1
4857,1
4858,2
4859,3
4860,2
4862,1
4863,2
4864,1
4865,2
4866,3
4867,3
4870,5
4871,1
4873,2
4874,3
4875,1
4876,1
4877,1
4878,3
4879,3
4881,1
4882,3
4883,1
4884,2
4886,2
4890,1
4891,1
4892,3
4893,1
4894,1
4896,1
4897,2
4899,2
4900,1
4901,1
4903,3
4904,1
4906,1
4907,1
4908,1
4909,2
4910,2
4912,4
4913,2
4915,3
4916,2
4917,2
4918,1
4920,1
4921,3
4923,2
4924,1
4926,2
4930,1
4931,2
4933,2
4934,1
4935,1
4936,3
4938,2
4939,2
4941,2
4942,1
4945,2
4948,3
4949,1
4951,1
4952,3
4953,2
4956,1
4957,4
4958,1
4959,2
4961,2
4962,1
4964,2
4965,1
4966,2
4967,2
4968,2
4969,1
4970,1
4972,3
4973,2
4974,3
4977,2
4979,2
4980,4
4981,1
4985,1
4986,1
4987,3
4988,1
4991,1
4992,2
4994,5
4995,1
4996,1
4998,1
5000,2
5003,2
5004,1
5005,1
5006,1
5007,1
5008,1
5009,2
5010,1
5011,1
5012,1
5013,3
5015,1
5017,2
5018,1
5019,1
5021,4
5022,2
5024,2
5026,1
5027,2
5029,2
5030,1
5031,1
5032,1
5033,2
5036,1
5037,2
5038,1
5039,1
5040,1
5041,1
5043,2
5044,2
5047,2
5050,2
5051,2
5052,2
5053,1
5054,2
5058,1
5060,1
5061,1
5062,4
5064,1
5065,1
5066,1
5068,2
5069,1
5070,1
5072,1
5073,3
5074,2
5076,1
5078,3
5079,1
5080,1
5081,2
5083,1
5084,2
5085,2
5086,1
5087,1
5088,1
5089,1
5090,1
5091,1
5092,1
5093,2
5094,1
5095,2
5097,2
5098,1
5099,3
5101,1
5102,1
5104,2
5107,2
5108,1
5109,2
5114,2
5115,1
5116,1
5117,1
5118,1
5120,1
5121,2
5123,3
5124,2
5126,2
5127,1
5129,2
5132,2
5133,2
5134,1
5139,1
5140,1
5141,2
5142,1
5143,2
5144,2
5145,1
5146,2
5147,2
5148,2
5150,2
5151,2
5153,1
5155,1
5157,1
5158,1
5160,1
5163,1
5166,1
5167,1
5170,1
5171,1
5172,1
5173,1
5174,1
5175,1
5176,2
5178,1
5179,1
5180,2
5181,1
5182,1
5183,1
5184,1
5185,2
5186,2
5187,1
5188,1
5189,1
5191,1
5192,2
5196,1
5200,1
5203,1
5205,2
5207,1
5208,1
5210,1
5215,1
5219,1
5221,1
5222,1
5224,1
5226,1
5227,2
5230,2
5231,1
5233,1
5234,1
5236,3
5237,1
5238,1
5241,1
5242,1
5249,1
5250,1
5251,1
5252,1
5253,2
5254,3
5255,1
5256,1
5258,1
5259,2
5260,1
5261,2
5262,1
5265,1
5267,1
5268,4
5270,1
5273,2
5274,3
5276,2
5277,3
5278,2
5279,1
5285,1
5286,1
5288,1
5294,1
5295,2
5296,1
5297,1
5298,1
5299,1
5303,1
5304,5
5309,2
5311,1
5313,1
5315,2
5316,2
5317,1
5318,2
5321,1
5322,1
5324,1
5325,1
5326,1
5328,2
5329,1
5330,2
5333,2
5336,1
5338,2
5339,1
5340,1
5342,1
5345,1
5346,1
5348,1
5349,1
5351,1
5354,1
5357,1
5362,1
5364,3
5365,1
5366,1
5367,2
5368,1
5370,1
5373,1
5375,1
5376,1
5379,2
5380,1
5385,1
5388,1
5389,1
5390,1
5391,2
5393,1
5395,1
5396,2
5399,1
5400,2
5401,1
5402,1
5404,1
5406,1
5407,2
5411,2
5413,1
5415,1
5417,1
5418,3
5419,2
5420,1
5421,1
5427,5
5428,1
5431,1
5432,1
5434,1
5435,1
5436,1
5438,1
5440,1
5441,1
5443,2
5444,1
5447,1
5448,1
5449,3
5450,3
5451,1
5452,1
5455,1
5456,1
5458,2
5461,1
5462,1
5464,2
5470,4
5471,1
5477,1
5478,1
5479,2
5480,2
5482,1
5486,2
5487,1
5489,2
5492,1
5494,1
5497,1
5503,1
5504,1
5506,1
5508,1
5511,1
5513,2
5515,2
5516,2
5517,2
5519,1
5522,1
5523,1
5525,1
5526,1
5527,2
5529,2
5530,1
5532,1
5533,1
5534,1
5537,2
5539,1
5540,2
5541,1
5546,1
5549,2
5551,3
5553,1
5554,1
5556,1
5558,1
5559,1
5560,3
5561,1
5562,1
5563,1
5565,1
5566,1
5567,1
5570,1
5571,1
5573,1
5574,1
5576,3
5577,1
5580,2
5582,1
5584,1
5585,2
5586,1
5589,1
5590,2
5591,3
5593,1
5594,1
5595,1
5599,1
5602,1
5608,1
5610,1
5614,1
5617,1
5619,1
5620,2
5622,2
5623,1
5626,1
5627,2
5628,2
5633,1
5636,1
5639,2
5642,1
5643,1
5646,1
5648,1
5649,1
5651,2
5653,2
5654,2
5655,1
5656,1
5658,2
5662,1
5663,1
5664,1
5667,2
5670,1
5671,2
5672,1
5673,1
5675,2
5680,1
5681,1
5682,1
5683,2
5684,1
5694,4
5696,1
5700,1
5702,1
5703,1
5707,2
5709,1
5710,1
5711,2
5719,1
5723,1
5725,2
5727,1
5729,1
5732,3
5733,1
5734,2
5738,1
5739,1
5740,1
5742,1
5743,1
5744,2
5745,1
5746,2
5748,1
5750,1
5757,1
5760,1
5761,1
5766,1
5767,1
5769,2
5771,2
5772,1
5773,2
5776,1
5780,1
5781,1
5790,2
5792,1
5793,2
5794,1
5795,1
5798,1
5800,1
5801,1
5810,2
5811,1
5814,3
5815,1
5817,1
5818,1
5819,1
5824,1
5830,2
5831,1
5833,2
5835,1
5836,1
5838,2
5843,1
5845,1
5846,1
5847,2
5848,1
5849,3
5850,1
5851,1
5853,1
5854,2
5856,1
5859,1
5860,1
5861,1
5863,1
5867,1
5870,1
5872,1
5873,1
5875,1
5876,1
5879,1
5882,1
5883,1
5885,1
5888,2
5890,1
5891,1
5892,2
5894,1
5895,1
5896,1
5897,1
5898,1
5899,1
5900,2
5906,1
5912,2
5913,1
5915,1
5916,1
5921,1
5925,1
5931,1
5940,1
5942,1
5943,1
5944,1
5946,1
5948,1
5953,1
5958,1
5961,1
5964,2
5966,2
5967,1
5969,1
5970,1
5973,1
5974,1
5976,1
5979,1
5980,1
5983,1
5986,1
5992,1
5993,1
5994,1
5995,1
5998,1
6000,2
6001,1
6002,1
6003,1
6004,1
6005,2
6006,1
6007,1
6011,1
6014,1
6018,1
6019,1
6025,1
6032,1
6034,1
6035,1
6036,1
6037,1
6038,1
6040,1
6042,2
6045,1
6046,3
6048,1
6049,2
6050,2
6051,1
6052,1
6054,1
6057,1
6060,1
6062,1
6071,1
6072,1
6077,1
6082,2
6087,1
6094,1
6096,1
6098,3
6101,1
6103,1
6104,2
6105,1
6108,3
6112,1
6113,2
6114,3
6116,1
6123,1
6124,1
6126,2
6128,1
6132,1
6133,2
6134,1
6136,1
6140,1
6143,1
6146,1
6150,2
6152,1
6153,1
6154,1
6155,1
6158,1
6160,1
6163,1
6164,1
6165,1
6166,2
6168,1
6174,1
6179,1
6180,1
6181,1
6183,1
6189,1
6194,2
6197,1
6199,1
6200,1
6202,1
6205,1
6209,1
6210,1
6212,2
6214,1
6221,1
6223,2
6224,1
6226,3
6227,1
6229,2
6232,1
6242,1
6243,1
6248,1
6251,2
6254,1
6260,1
6261,1
6274,2
6277,1
6278,2
6281,2
6284,2
6286,2
6289,1
6295,1
6297,1
6308,1
6313,1
6316,1
6317,1
6324,1
6328,1
6329,1
6330,1
6331,1
6342,2
6343,1
6348,1
6351,1
6353,1
6355,1
6357,1
6359,2
6362,1
6367,1
6384,1
6387,1
6390,1
6391,1
6393,1
6398,3
6399,2
6408,1
6410,2
6412,2
6417,1
6419,1
6420,3
6421,1
6424,1
6425,1
6434,1
6435,1
6438,1
6444,1
6445,1
6450,1
6452,1
6455,1
6456,1
6462,1
6469,1
6476,1
6477,2
6482,1
6489,1
6497,1
6503,2
6517,3
6521,1
6522,1
6523,1
6527,2
6531,1
6538,1
6545,1
6547,1
6549,1
6554,1
6559,3
6564,1
6566,1
6568,1
6575,1
6580,1
6582,1
6591,1
6592,2
6595,1
6599,1
6601,2
6605,1
6606,1
6607,3
6612,1
6613,1
6615,1
6618,1
6626,1
6628,1
6635,1
6638,1
6642,1
6643,1
6653,2
6658,2
6661,1
6662,1
6668,2
6673,1
6675,1
6677,1
6684,1
6685,1
6690,1
6691,1
6694,1
6697,1
6704,1
6705,3
6708,1
6715,2
6719,1
6723,1
6726,2
6731,1
6733,1
6740,2
6757,2
6758,2
6773,1
6774,1
6775,1
6777,1
6787,1
6791,1
6794,1
6798,1
6800,1
6806,1
6810,1
6813,2
6815,1
6816,1
6817,1
6827,1
6833,1
6851,1
6852,1
6855,1
6860,1
6863,1
6866,2
6867,1
6878,1
6880,1
6890,2
6894,1
6897,1
6901,1
6902,1
6912,1
6921,1
6924,1
6927,1
6931,2
6933,1
6934,1
6936,1
6938,1
6940,2
6944,1
6947,1
6957,1
6965,1
6975,1
6976,2
6977,1
6978,1
6984,1
6987,1
6988,1
6993,1
6995,2
7006,1
7009,1
7010,1
7019,1
7027,1
7034,1
7047,1
7048,1
7053,1
7054,1
7055,2
7064,1
7069,1
7076,1
7081,1
7085,1
7097,1
7098,1
7099,1
7104,1
7108,1
7109,1
7112,1
7126,1
7130,1
7134,1
7139,1
7142,1
7157,1
7162,1
7166,1
7172,1
7175,1
7177,2
7181,1
7187,1
7191,1
7193,1
7198,1
7207,1
7221,1
7223,1
7225,2
7226,1
7231,1
7237,1
7239,1
7241,1
7258,1
7260,1
7264,1
7269,1
7272,1
7277,1
7279,1
7286,1
7289,1
7296,1
7303,1
7305,1
7327,1
7328,1
7343,1
7344,1
7348,1
7358,1
7387,1
7401,1
7409,1
7410,1
7424,1
7431,1
7437,1
7438,1
7440,2
7441,1
7442,1
7443,2
7446,1
7469,1
7470,1
7476,1
7501,1
7512,2
7524,2
7528,1
7529,1
7536,1
7542,1
7544,1
7561,1
7562,1
7566,2
7597,1
7599,1
7604,1
7612,1
7615,1
7621,2
7622,1
7625,1
7629,1
7657,1
7677,1
7682,1
7689,1
7714,1
7719,1
7720,1
7748,1
7754,1
7798,1
7809,1
7811,1
7813,1
7814,1
7825,1
7866,1
7873,1
7879,1
7886,1
7891,1
7908,1
7909,1
7917,1
7920,1
7923,1
7929,1
7931,1
7935,1
7941,1
7970,1
7976,1
7982,1
7983,1
7986,1
8006,1
8011,1
8022,1
8034,1
8054,1
8055,1
8059,1
8061,1
8082,1
8100,1
8115,1
8134,2
8139,1
8140,1
8148,1
8155,1
8160,1
8162,1
8182,1
8196,1
8216,1
8218,1
8234,1
8263,1
8276,1
8282,1
8322,1
8339,1
8343,1
8350,1
8361,1
8365,1
8368,1
8385,1
8391,1
8393,1
8407,1
8410,1
8418,1
8435,1
8441,1
8517,1
8518,1
8525,1
8553,1
8555,1
8566,1
8572,2
8593,1
8596,1
8614,1
8618,1
8630,1
8633,1
8664,1
8686,1
8710,1
8752,1
8756,1
8770,1
8773,1
8785,2
8788,1
8791,1
8805,1
8806,1
8819,1
8837,1
8840,1
8856,1
8859,1
8866,1
8904,2
8927,1
8937,1
8957,1
8983,1
8993,1
8999,1
9035,1
9068,1
9072,1
9146,1
9158,1
9184,1
9192,1
9198,1
9203,1
9240,1
9267,2
9271,1
9277,1
9306,1
9313,1
9316,1
9317,1
9329,1
9383,1
9493,1
9500,1
9517,1
9535,1
9538,1
9587,1
9609,1
9617,1
9639,1
9651,1
9656,1
9703,1
9709,1
9712,1
9743,1
9762,1
9767,1
9794,1
9828,1
9830,1
9855,1
9867,1
9879,1
9884,1
9912,1
9924,1
9976,1
10029,1
10174,1
10194,1
10227,1
10262,1
10269,1
10272,1
10280,1
10299,1
10342,1
10382,1
10383,1
10393,1
10418,1
10422,2
10428,1
10439,1
10447,1
10514,1
10518,1
10531,1
10532,1
10563,1
10567,1
10570,1
10578,1
10582,1
10666,1
10686,1
10697,1
10790,1
10844,1
10859,1
10932,1
10948,1
10954,1
11023,1
11037,1
11065,1
11074,1
11116,1
11121,1
11132,1
11157,1
11167,1
11181,1
11203,1
11216,1
11228,1
11291,1
11310,1
11332,1
11380,1
11383,1
11426,1
11503,1
11514,1
11599,1
11628,1
11629,1
11644,1
11700,1
11772,1
11814,1
11849,1
11868,1
11958,1
11976,1
12009,1
12023,1
12030,1
12067,1
12165,1
12172,1
12178,1
12180,1
12228,1
12415,1
12446,1
12583,1
12625,1
12712,1
12762,1
12794,1
12831,1
12851,1
13014,1
13106,1
13281,1
13337,1
13406,1
13449,1
13473,1
13479,1
13505,1
13518,1
13589,1
13604,1
13627,1
13787,1
13806,1
13867,1
14087,1
14106,1
14192,1
14224,1
14280,1
14316,1
14564,1
14598,1
14601,1
14673,1
14696,1
14734,1
14786,1
14888,1
14966,1
14968,1
15256,1
15366,1
15369,1
15562,1
15593,1
15608,1
15661,1
15665,1
15870,1
15890,1
16006,1
16259,1
16422,1
16694,1
16891,1
16924,2
16999,1
17094,1
17131,1
17601,1
18285,1
18571,1
19100,1
19693,1
19734,1
20111,1
20651,1
21070,1
21144,1
21159,1
22888,1
23323,1
26529,1
